TrdDt,ClPr
2015/9/30,229.93
2015/10/8,234.1
2015/10/9,234.51
2015/10/12,237.26
2015/10/13,236.1
2015/10/14,239.3
2015/10/15,241.38
2015/10/16,240.37
2015/10/19,239.69
2015/10/20,239.85
2015/10/21,239.92
2015/10/22,238.55
2015/10/23,240.11
2015/10/26,238.1
2015/10/27,238.27
2015/10/28,239.79
2015/10/29,237.41
2015/10/30,233.43
2015/11/2,233.18
2015/11/3,231.96
2015/11/4,228.7
2015/11/5,226.98
2015/11/6,227.36
2015/11/9,224.16
2015/11/10,224.22
2015/11/11,224.25
2015/11/12,223.49
2015/11/13,222.5
2015/11/16,225.58
2015/11/17,222.44
2015/11/18,220.71
2015/11/19,221.5
2015/11/20,223.23
2015/11/23,220.91
2015/11/24,221.27
2015/11/25,222.62
2015/11/26,221.43
2015/11/27,220.12
2015/11/30,217.77
2015/12/1,221.47
2015/12/2,220.37
2015/12/3,217.55
2015/12/4,219.16
2015/12/7,224.43
2015/12/8,222.48
2015/12/9,223.19
2015/12/10,222.8
2015/12/11,222.94
2015/12/14,223.2
2015/12/15,221.61
2015/12/16,222.15
2015/12/17,223
2015/12/18,222.36
2015/12/21,223.78
2015/12/22,225.1
2015/12/23,224.5
2015/12/24,224.48
2015/12/25,224.96
2015/12/28,224.75
2015/12/29,226.79
2015/12/30,224.44
2015/12/31,224.6
2016/1/4,224.79
2016/1/5,226.68
2016/1/6,228.12
2016/1/7,233.48
2016/1/8,233.52
2016/1/11,234.82
2016/1/12,232.46
2016/1/13,229.69
2016/1/14,230.8
2016/1/15,231.27
2016/1/18,231.45
2016/1/19,231.28
2016/1/20,232.19
2016/1/21,233.97
2016/1/22,232.79
2016/1/25,233.56
2016/1/26,236.57
2016/1/27,237.03
2016/1/28,236.75
2016/1/29,235.48
2016/2/1,237.94
2016/2/2,238.44
2016/2/3,239.04
2016/2/4,241.79
2016/2/5,243.76
2016/2/15,253.81
2016/2/16,251.2
2016/2/17,253.31
2016/2/18,252.52
2016/2/19,256.76
2016/2/22,254.7
2016/2/23,256.24
2016/2/24,256.5
2016/2/25,260
2016/2/26,259.86
2016/2/29,258.86
2016/3/1,261.6
2016/3/2,258.69
2016/3/3,261.04
2016/3/4,264.49
2016/3/7,264.82
2016/3/8,265.88
2016/3/9,263.53
2016/3/10,261.38
2016/3/11,264.54
2016/3/14,261.96
2016/3/15,257.36
2016/3/16,259.14
2016/3/17,263.46
2016/3/18,262.79
2016/3/21,259.55
2016/3/22,261.66
2016/3/23,258.12
2016/3/24,255
2016/3/25,255.94
2016/3/28,255.13
2016/3/29,255.19
2016/3/30,257.9
2016/3/31,256.24
2016/4/1,256.7
2016/4/5,255.5
2016/4/6,255.76
2016/4/7,255.7
2016/4/8,257.1
2016/4/11,260.66
2016/4/12,261.49
2016/4/13,259.98
2016/4/14,257.48
2016/4/15,256.81
2016/4/18,257.61
2016/4/19,259.52
2016/4/20,259.88
2016/4/21,262.83
2016/4/22,260.28
2016/4/25,258.36
2016/4/26,258.08
2016/4/27,260.6
2016/4/28,261.87
2016/4/29,265.5
2016/5/3,270.5
2016/5/4,268.53
2016/5/5,267.58
2016/5/6,268
2016/5/9,267.82
2016/5/10,265.72
2016/5/11,266.77
2016/5/12,266.3
2016/5/13,266.85
2016/5/16,269.49
2016/5/17,267.57
2016/5/18,267.71
2016/5/19,264
2016/5/20,264
2016/5/23,263.76
2016/5/24,262.02
2016/5/25,258.42
2016/5/26,259.5
2016/5/27,257.96
2016/5/30,254.75
2016/5/31,257.14
2016/6/1,258.1
2016/6/2,258
2016/6/3,257.35
2016/6/6,262.27
2016/6/7,262.85
2016/6/8,264.83
2016/6/13,271.9
2016/6/14,271
2016/6/15,272.55
2016/6/16,277.39
2016/6/17,272.08
2016/6/20,272.22
2016/6/21,271.6
2016/6/22,268.1
2016/6/23,268.69
2016/6/24,280.91
2016/6/27,282.6
2016/6/28,281.6
2016/6/29,282.5
2016/6/30,281.33
2016/7/1,285.3
2016/7/4,289.56
2016/7/5,288.45
2016/7/6,294.28
2016/7/7,293.9
2016/7/8,291.45
2016/7/11,293.05
2016/7/12,292.14
2016/7/13,288.9
2016/7/14,286.5
2016/7/15,286.8
2016/7/18,286.01
2016/7/19,286.76
2016/7/20,285.8
2016/7/21,282.94
2016/7/22,284.36
2016/7/25,282.9
2016/7/26,283.8
2016/7/27,283.45
2016/7/28,287.56
2016/7/29,285.35
2016/8/1,287.7
2016/8/2,289.93
2016/8/3,290.57
2016/8/4,288.3
2016/8/5,291.78
2016/8/8,286.29
2016/8/9,285.58
2016/8/10,289.17
2016/8/11,287.44
2016/8/12,286.2
2016/8/15,287.1
2016/8/16,287.89
2016/8/17,286.57
2016/8/18,288.35
2016/8/19,288.4
2016/8/22,286.29
2016/8/23,287.5
2016/8/24,286.72
2016/8/25,284.4
2016/8/26,284.49
2016/8/29,283.5
2016/8/30,283.61
2016/8/31,282.8
2016/9/1,280.41
2016/9/2,282.13
2016/9/5,285.36
2016/9/6,285.96
2016/9/7,289.24
2016/9/8,289.1
2016/9/9,287.36
2016/9/12,286.23
2016/9/13,285.94
2016/9/14,284.53
2016/9/19,283.31
2016/9/20,283.35
2016/9/21,284.27
2016/9/22,286.51
2016/9/23,286.73
2016/9/26,287.1
2016/9/27,286.64
2016/9/28,284.48
2016/9/29,283.84
2016/9/30,284.23
2016/10/10,273.1
2016/10/11,272.83
2016/10/12,272.35
2016/10/13,273.2
2016/10/14,272.7
2016/10/17,272.82
2016/10/18,274.34
2016/10/19,274.09
2016/10/20,276.16
2016/10/21,275.35
2016/10/24,276.45
2016/10/25,276.94
2016/10/26,278.43
2016/10/27,277.31
2016/10/28,277.11
2016/10/31,278.76
2016/11/1,279.89
2016/11/2,282.07
2016/11/3,283.42
2016/11/4,282.45
2016/11/7,281.3
2016/11/8,280.82
2016/11/9,287.87
2016/11/10,282.63
2016/11/11,278.51
2016/11/14,270.5
2016/11/15,273.32
2016/11/16,273.87
2016/11/17,273.08
2016/11/18,270.58
2016/11/21,272.5
2016/11/22,272.94
2016/11/23,272.59
2016/11/24,270.13
2016/11/25,269.07
2016/11/28,270.57
2016/11/29,268.1
2016/11/30,267.5
2016/12/1,265.4
2016/12/2,264.99
2016/12/5,265.01
2016/12/6,264.67
2016/12/7,264.75
2016/12/8,266.2
2016/12/9,265.69
2016/12/12,264.48
2016/12/13,265.09
2016/12/14,265.94
2016/12/15,262.1
2016/12/16,261.97
2016/12/19,262.8
2016/12/20,261.77
2016/12/21,260.85
2016/12/22,259.4
2016/12/23,259.98
2016/12/26,260.85
2016/12/27,261.22
2016/12/28,261.54
2016/12/29,262.73
2016/12/30,264.5
2017/1/3,264.08
2017/1/4,264.53
2017/1/5,264.66
2017/1/6,265
2017/1/9,265.5
2017/1/10,268.24
2017/1/11,268.64
2017/1/12,269.38
2017/1/13,268.73
2017/1/16,270.5
2017/1/17,272
2017/1/18,270.9
2017/1/19,268.11
2017/1/20,269.08
2017/1/23,270.06
2017/1/24,269.7
2017/1/25,267.75
2017/1/26,266.21
2017/2/3,269.2
2017/2/6,271.84
2017/2/7,274.3
2017/2/8,274.3
2017/2/9,276.08
2017/2/10,272.88
2017/2/13,274.39
2017/2/14,273.36
2017/2/15,272.95
2017/2/16,274.67
2017/2/17,275.9
2017/2/20,275.28
2017/2/21,275.49
2017/2/22,275.54
2017/2/23,275.99
2017/2/24,279.58
2017/2/27,280.33
2017/2/28,279.72
2017/3/1,277.68
2017/3/2,278.06
2017/3/3,275.92
2017/3/6,276.41
2017/3/7,275.27
2017/3/8,273.7
2017/3/9,271.62
2017/3/10,270.04
2017/3/13,272.98
2017/3/14,271.3
2017/3/15,271.47
2017/3/16,275.7
2017/3/17,275.56
2017/3/20,276.93
2017/3/21,275.82
2017/3/22,278.6
2017/3/23,278.26
2017/3/24,277.81
2017/3/27,280.5
2017/3/28,280.19
2017/3/29,279.63
2017/3/30,279.1
2017/3/31,277.87
2017/4/5,280.13
2017/4/6,280.32
2017/4/7,282.87
2017/4/10,281.27
2017/4/11,281.5
2017/4/12,284.53
2017/4/13,286.25
2017/4/14,286.44
2017/4/17,286.61
2017/4/18,285.84
2017/4/19,285.65
2017/4/20,285.47
2017/4/21,285.23
2017/4/24,283.29
2017/4/25,283.32
2017/4/26,281.8
2017/4/27,282.35
2017/4/28,282.9
2017/5/2,280.78
2017/5/3,280.11
2017/5/4,275.9
2017/5/5,275.49
2017/5/8,275.29
2017/5/9,274.75
2017/5/10,273.68
2017/5/11,273.86
2017/5/12,274.92
2017/5/15,275.9
2017/5/16,276.54
2017/5/17,277.61
2017/5/18,279.3
2017/5/19,278.6
2017/5/22,279.68
2017/5/23,281.17
2017/5/24,278.4
2017/5/25,279.79
2017/5/26,280.35
2017/5/31,278.75
2017/6/1,278.89
2017/6/2,277.97
2017/6/5,281.35
2017/6/6,283.39
2017/6/7,283.57
2017/6/8,282.66
2017/6/9,279.96
2017/6/12,278.45
2017/6/13,278.22
2017/6/14,279.15
2017/6/15,277.35
2017/6/16,276.85
2017/6/19,276.23
2017/6/20,275.74
2017/6/21,275.67
2017/6/22,277.35
2017/6/23,277.8
2017/6/26,277.99
2017/6/27,276.56
2017/6/28,276.1
2017/6/29,274.91
2017/6/30,273.06
2017/7/3,271.94
2017/7/4,270.24
2017/7/5,269.98
2017/7/6,270.07
2017/7/7,269.74
2017/7/10,265.8
2017/7/11,267.31
2017/7/12,268.22
2017/7/13,268.78
2017/7/14,267.79
2017/7/17,270.12
2017/7/18,270.63
2017/7/19,271.31
2017/7/20,271.23
2017/7/21,272.99
2017/7/24,273.2
2017/7/25,274
2017/7/26,271.84
2017/7/27,274.52
2017/7/28,274.11
2017/7/31,274.93
2017/8/1,275.2
2017/8/2,274.91
2017/8/3,273.82
2017/8/4,275.45
2017/8/7,273.04
2017/8/8,273.05
2017/8/9,273.93
2017/8/10,275.02
2017/8/11,276.7
2017/8/14,276.64
2017/8/15,274.83
2017/8/16,274.25
2017/8/17,277.16
2017/8/18,278.04
2017/8/21,277.49
2017/8/22,276.25
2017/8/23,276.97
2017/8/24,277.02
2017/8/25,276.91
2017/8/28,278.15
2017/8/29,280.5
2017/8/30,278
2017/8/31,277.66
2017/9/1,279.85
2017/9/4,282.04
2017/9/5,281.4
2017/9/6,281.92
2017/9/7,281.29
2017/9/8,281.36
2017/9/11,280.93
2017/9/12,279.48
2017/9/13,280.34
2017/9/14,279.49
2017/9/15,280.71
2017/9/18,278.56
2017/9/19,278.46
2017/9/20,278.66
2017/9/21,276.05
2017/9/22,276.85
2017/9/25,276.23
2017/9/26,280.2
2017/9/27,277.73
2017/9/28,276.48
2017/9/29,277.62
2017/10/9,275.44
2017/10/10,275.55
2017/10/11,275
2017/10/12,276.13
2017/10/13,276.3
2017/10/16,277.5
2017/10/17,276.32
2017/10/18,275.3
2017/10/19,274.6
2017/10/20,275
2017/10/23,273.79
2017/10/24,274.57
2017/10/25,273.45
2017/10/26,274.56
2017/10/27,272.77
2017/10/30,273.05
2017/10/31,273.73
2017/11/1,273.15
2017/11/2,273.1
2017/11/3,273.3
2017/11/6,272.94
2017/11/7,274.22
2017/11/8,274.51
2017/11/9,275.34
2017/11/10,275.91
2017/11/13,274.73
2017/11/14,274.45
2017/11/15,275.05
2017/11/16,274
2017/11/17,274.86
2017/11/20,276.35
2017/11/21,274.74
2017/11/22,274.63
2017/11/23,274.99
2017/11/24,275.15
2017/11/27,275.2
2017/11/28,275.67
2017/11/29,275.61
2017/11/30,274.13
2017/12/1,272.67
2017/12/4,272.37
2017/12/5,272.61
2017/12/6,271.22
2017/12/7,269.2
2017/12/8,267.48
2017/12/11,268.05
2017/12/12,267.11
2017/12/13,266.77
2017/12/14,269.58
2017/12/15,269.34
2017/12/18,269.59
2017/12/19,270.95
2017/12/20,270.23
2017/12/21,269.95
2017/12/22,270.32
2017/12/25,271.7
2017/12/26,271.6
2017/12/27,272.83
2017/12/28,273.48
2017/12/29,273.24
2018/1/2,275.07
2018/1/3,276.02
2018/1/4,275.28
2018/1/5,276.39
2018/1/8,276.6
2018/1/9,277.1
2018/1/10,276.73
2018/1/11,277.29
2018/1/12,278.35
2018/1/15,284.41
2018/1/16,278.81
2018/1/17,277.68
2018/1/18,276.14
2018/1/19,275.68
2018/1/22,275.85
2018/1/23,277
2018/1/24,277.7
2018/1/25,278.76
2018/1/26,277.31
2018/1/29,275.98
2018/1/30,273.9
2018/1/31,273.82
2018/2/1,273.22
2018/2/2,273.72
2018/2/5,271.26
2018/2/6,273.1
2018/2/7,269.67
2018/2/8,269.03
2018/2/9,269.61
2018/2/12,269.77
2018/2/13,270.95
2018/2/14,272.82
2018/2/22,271.32
2018/2/23,271.51
2018/2/26,273.4
2018/2/27,272.05
2018/2/28,269.97
2018/3/1,269.53
2018/3/2,270.66
2018/3/5,271.79
2018/3/6,271.33
2018/3/7,272.17
2018/3/8,271.98
2018/3/9,270.4
2018/3/12,270.7
2018/3/13,270.48
2018/3/14,271
2018/3/15,270.79
2018/3/16,269.72
2018/3/19,268.22
2018/3/20,269.43
2018/3/21,269.5
2018/3/22,272.02
2018/3/23,274.75
2018/3/26,274.29
2018/3/27,274.15
2018/3/28,272.44
2018/3/29,269.6
2018/3/30,269.95
2018/4/2,270.37
2018/4/3,272.32
2018/4/4,271.82
2018/4/9,271.4
2018/4/10,271.57
2018/4/11,273.1
2018/4/12,274.12
2018/4/13,271.85
2018/4/16,272.2
2018/4/17,273.32
2018/4/18,273.19
2018/4/19,274
2018/4/20,272.95
2018/4/23,271.45
2018/4/24,270.73
2018/4/25,270.51
2018/4/26,271
2018/4/27,270.18
2018/5/2,269.38
2018/5/3,269.26
2018/5/4,269.3
2018/5/7,270.08
2018/5/8,270.05
2018/5/9,269.33
2018/5/10,269.95
2018/5/11,270.5
2018/5/14,270.3
2018/5/15,269.15
2018/5/16,266.82
2018/5/17,265.13
2018/5/18,265.68
2018/5/21,264.95
2018/5/22,265.71
2018/5/23,266.31
2018/5/24,267.32
2018/5/25,268.75
2018/5/28,267.3
2018/5/29,268.5
2018/5/30,269
2018/5/31,269.54
2018/6/1,269.63
2018/6/4,267.75
2018/6/5,267.3
2018/6/6,267.77
2018/6/7,267.75
2018/6/8,267.84
2018/6/11,268.27
2018/6/12,268.2
2018/6/13,267.81
2018/6/14,268.56
2018/6/15,268.97
2018/6/19,267.45
2018/6/20,266
2018/6/21,265.39
2018/6/22,266.45
2018/6/25,266.99
2018/6/26,267.17
2018/6/27,267.5
2018/6/28,266.88
2018/6/29,266.92
2018/7/2,268
2018/7/3,267.85
2018/7/4,268.49
2018/7/5,268.58
2018/7/6,269.22
2018/7/9,269.19
2018/7/10,268.3
2018/7/11,269
2018/7/12,267.96
2018/7/13,267.82
2018/7/16,268.15
2018/7/17,267.82
2018/7/18,265.15
2018/7/19,266.1
2018/7/20,266.95
2018/7/23,268.26
2018/7/24,268.04
2018/7/25,268.01
2018/7/26,268.62
2018/7/27,268.46
2018/7/30,268.56
2018/7/31,268.65
2018/8/1,268.45
2018/8/2,268.01
2018/8/3,267.66
2018/8/6,267.52
2018/8/7,267.61
2018/8/8,267.01
2018/8/9,267.17
2018/8/10,267.03
2018/8/13,267.78
2018/8/14,265.54
2018/8/15,265
2018/8/16,262.22
2018/8/17,261.5
2018/8/20,262.93
2018/8/21,264.36
2018/8/22,264.2
2018/8/23,264.25
2018/8/24,264.55
2018/8/27,265.39
2018/8/28,266.4
2018/8/29,265.3
2018/8/30,265.52
2018/8/31,266.15
2018/9/3,264.96
2018/9/4,264
2018/9/5,263.91
2018/9/6,264.59
2018/9/7,265.28
2018/9/10,264.77
2018/9/11,265.38
2018/9/12,265.06
2018/9/13,266.21
2018/9/14,266.66
2018/9/17,265.53
2018/9/18,265.73
2018/9/19,266.44
2018/9/20,266.51
2018/9/21,267.32
2018/9/25,266.34
2018/9/26,266.81
2018/9/27,265.86
2018/9/28,263.61
2018/10/8,266.88
2018/10/9,266.48
2018/10/10,266.44
2018/10/11,268.1
2018/10/12,271.58
2018/10/15,273.93
2018/10/16,274.28
2018/10/17,273.4
2018/10/18,273.46
2018/10/19,274.9
2018/10/22,274.68
2018/10/23,276.18
2018/10/24,276.3
2018/10/25,277.6
2018/10/26,277.27
2018/10/29,276.57
2018/10/30,276.2
2018/10/31,273.98
2018/11/1,274.6
2018/11/2,274.56
2018/11/5,275.06
2018/11/6,274.65
2018/11/7,274.97
2018/11/8,273.81
2018/11/9,273.33
2018/11/12,271.27
2018/11/13,270.32
2018/11/14,270.14
2018/11/15,271.71
2018/11/16,272.38
2018/11/19,273.18
2018/11/20,274.13
2018/11/21,273.99
2018/11/22,274.56
2018/11/23,274.58
2018/11/26,274.65
2018/11/27,274.13
2018/11/28,272.93
2018/11/29,274.5
2018/11/30,274.61
2018/12/3,273.94
2018/12/4,273.71
2018/12/5,274.05
2018/12/6,275.23
2018/12/7,275.36
2018/12/10,278.18
2018/12/11,277.72
2018/12/12,276.62
2018/12/13,276.61
2018/12/14,276.58
2018/12/17,276.1
2018/12/18,277.86
2018/12/19,278.35
2018/12/20,278.14
2018/12/21,280.49
2018/12/24,281.71
2018/12/25,283.25
2018/12/26,283.55
2018/12/27,282.61
2018/12/28,283.81
2019/1/2,284.92
2019/1/3,287
2019/1/4,287.27
2019/1/7,285.93
2019/1/8,284.24
2019/1/9,283.75
2019/1/10,284.42
2019/1/11,282.71
2019/1/14,283.2
2019/1/15,282.15
2019/1/16,282.8
2019/1/17,283.04
2019/1/18,283.25
2019/1/21,282.19
2019/1/22,282.2
2019/1/23,282.2
2019/1/24,282.18
2019/1/25,281.72
2019/1/28,284.4
2019/1/29,285.92
2019/1/30,286.49
2019/1/31,286.46
2019/2/1,287.3
2019/2/11,287.3
2019/2/12,287.66
2019/2/13,287.15
2019/2/14,286.74
2019/2/15,288.25
2019/2/18,289.96
2019/2/19,290.39
2019/2/20,292.26
2019/2/21,290.63
2019/2/22,288.73
2019/2/25,288.29
2019/2/26,288
2019/2/27,287.7
2019/2/28,285.92
2019/3/1,284.61
2019/3/4,280.6
2019/3/5,279.43
2019/3/6,281.34
2019/3/7,279.8
2019/3/8,282.4
2019/3/11,283.55
2019/3/12,283.06
2019/3/13,284.57
2019/3/14,284
2019/3/15,284.04
2019/3/18,283.99
2019/3/19,285.08
2019/3/20,284.53
2019/3/21,286.39
2019/3/22,285.83
2019/3/25,287.03
2019/3/26,287.24
2019/3/27,287.13
2019/3/28,286.27
2019/3/29,281.33
2019/4/1,281.2
2019/4/2,281.42
2019/4/3,281.86
2019/4/4,282.1
2019/4/8,283.5
2019/4/9,283.6
2019/4/10,284.8
2019/4/11,285.3
2019/4/12,283.12
2019/4/15,281.29
2019/4/16,281.17
2019/4/17,279.73
2019/4/18,277.94
2019/4/19,279.35
2019/4/22,279.92
2019/4/23,278.89
2019/4/24,278.29
2019/4/25,279.92
2019/4/26,280.6
2019/4/29,280.65
2019/4/30,280.58
2019/5/6,282.2
2019/5/7,281.55
2019/5/8,282.91
2019/5/9,283
2019/5/10,283.08
2019/5/13,285.01
2019/5/14,288.38
2019/5/15,287.32
2019/5/16,288.61
2019/5/17,288.04
2019/5/20,286.5
2019/5/21,286.43
2019/5/22,286.14
2019/5/23,286.72
2019/5/24,288.17
2019/5/27,288.25
2019/5/28,288.1
2019/5/29,288.5
2019/5/30,287.18
2019/5/31,290.55
2019/6/3,293.94
2019/6/4,296.96
2019/6/5,298.95
2019/6/6,299.12
2019/6/10,298.34
2019/6/11,297.06
2019/6/12,299.81
2019/6/13,300.14
2019/6/14,305.02
2019/6/17,301.47
2019/6/18,303.5
2019/6/19,301.9
2019/6/20,308.53
2019/6/21,311.19
2019/6/24,313.2
2019/6/25,319.02
2019/6/26,314.4
2019/6/27,313.29
2019/6/28,314
2019/7/1,306.61
2019/7/2,309.53
2019/7/3,318.23
2019/7/4,314.9
2019/7/5,315.74
2019/7/8,313.22
2019/7/9,311.25
2019/7/10,310.81
2019/7/11,316.6
2019/7/12,313.8
2019/7/15,315.15
2019/7/16,315
2019/7/17,313.56
2019/7/18,316.72
2019/7/19,320.65
2019/7/22,318.01
2019/7/23,316.39
2019/7/24,317.21
2019/7/25,317.82
2019/7/26,316.6
2019/7/29,317.01
2019/7/30,318.33
2019/7/31,319.5
2019/8/1,314.55
2019/8/2,322.27
2019/8/5,332.2
2019/8/6,333
2019/8/7,340
2019/8/8,341.48
2019/8/9,343.37
2019/8/12,341.58
2019/8/13,349.5
2019/8/14,340.45
2019/8/15,344.11
2019/8/16,345.38
2019/8/19,343.97
2019/8/20,342.3
2019/8/21,342.97
2019/8/22,343.92
2019/8/23,343.36
2019/8/26,354.92
2019/8/27,355.9
2019/8/28,356.76
2019/8/29,359.04
2019/8/30,354.19
2019/9/2,353
2019/9/3,354.9
2019/9/4,357.77
2019/9/5,357.55
2019/9/6,349.04
2019/9/9,348.15
2019/9/10,342.3
2019/9/11,343.83
2019/9/12,343.57
2019/9/16,344.5
2019/9/17,343.11
2019/9/18,344.64
2019/9/19,343.77
2019/9/20,344.93
2019/9/23,348.65
2019/9/24,349.69
2019/9/25,352
2019/9/26,347.5
2019/9/27,344.95
2019/9/30,342.81
2019/10/8,342.89
2019/10/9,347.98
2019/10/10,345.74
2019/10/11,344.02
2019/10/14,339.47
2019/10/15,340.54
2019/10/16,339.97
2019/10/17,341.2
2019/10/18,340.56
2019/10/21,340.54
2019/10/22,339.42
2019/10/23,340.65
2019/10/24,340.07
2019/10/25,343.46
2019/10/28,343.49
2019/10/29,339.99
2019/10/30,339.39
2019/10/31,340.06
2019/11/1,342.83
2019/11/4,342.3
2019/11/5,340.29
2019/11/6,335.73
2019/11/7,337.43
2019/11/8,331.04
2019/11/11,330.51
2019/11/12,327.25
2019/11/13,330.47
2019/11/14,331.7
2019/11/15,330.52
2019/11/18,330.98
2019/11/19,332.9
2019/11/20,333.6
2019/11/21,333.46
2019/11/22,332.47
2019/11/25,330.38
2019/11/26,330.1
2019/11/27,330.65
2019/11/28,329.9
2019/11/29,330.67
2019/12/2,330.83
2019/12/3,331.82
2019/12/4,338
2019/12/5,336.09
2019/12/6,334.22
2019/12/9,331.92
2019/12/10,332
2019/12/11,332.38
2019/12/12,334.11
2019/12/13,330.34
2019/12/16,333.6
2019/12/17,333.38
2019/12/18,333.85
2019/12/19,333.48
2019/12/20,334.2
2019/12/23,335.9
2019/12/24,337.05
2019/12/25,338.57
2019/12/26,339.12
2019/12/27,340.73
2019/12/30,340.53
2019/12/31,342.57
2020/1/2,341.57
2020/1/3,346.77
2020/1/6,354.5
2020/1/7,351.25
2020/1/8,357.39
2020/1/9,345.43
2020/1/10,346.5
2020/1/13,346.12
2020/1/14,341.88
2020/1/15,344.73
2020/1/16,345.37
2020/1/17,344.78
2020/1/20,345.02
2020/1/21,348.35
2020/1/22,345.3
2020/1/23,347.4
2020/2/3,356.68
2020/2/4,353.6
2020/2/5,351.04
2020/2/6,349
2020/2/7,351.22
2020/2/10,352.2
2020/2/11,351.53
2020/2/12,350.4
2020/2/13,352.83
2020/2/14,353.99
2020/2/17,355.08
2020/2/18,356.93
2020/2/19,361.2
2020/2/20,362
2020/2/21,367.66
2020/2/24,376.16
2020/2/25,369.2
2020/2/26,371.36
2020/2/27,371.99
2020/2/28,366.53
2020/3/2,358.52
2020/3/3,357.78
2020/3/4,365.88
2020/3/5,365.43
2020/3/6,372.95
2020/3/9,371.19
2020/3/10,366.53
2020/3/11,368.27
2020/3/12,365.09
2020/3/13,354.75
2020/3/16,345.07
2020/3/17,331.74
2020/3/18,338
2020/3/19,333.15
2020/3/20,339.21
2020/3/23,337.87
2020/3/24,355.86
2020/3/25,363.87
2020/3/26,362
2020/3/27,365.8
2020/3/30,363.21
2020/3/31,364.5
2020/4/1,356
2020/4/2,358.47
2020/4/3,362.3
2020/4/7,372.8
2020/4/8,369.69
2020/4/9,369.96
2020/4/10,373.39
2020/4/13,371.45
2020/4/14,377.19
2020/4/15,375.66
2020/4/16,377.38
2020/4/17,370.61
2020/4/20,370.12
2020/4/21,373.02
2020/4/22,373
2020/4/23,379.25
2020/4/24,381.84
2020/4/27,379.92
2020/4/28,376.8
2020/4/29,378.03
2020/4/30,380.72
2020/5/6,379.7
2020/5/7,378.02
2020/5/8,382.68
2020/5/11,381.12
2020/5/12,380.32
2020/5/13,380.89
2020/5/14,383.08
2020/5/15,388.91
2020/5/18,398.16
2020/5/19,392
2020/5/20,396.45
2020/5/21,392.56
2020/5/22,391.72
2020/5/25,391.2
2020/5/26,393.36
2020/5/27,389.11
2020/5/28,392.38
2020/5/29,391.68
2020/6/1,395.76
2020/6/2,395
2020/6/3,391.8
2020/6/4,387.05
2020/6/5,388.83
2020/6/8,383.7
2020/6/9,384.5
2020/6/10,388.26
2020/6/11,390.92
2020/6/12,391.41
2020/6/15,389.84
2020/6/16,389.67
2020/6/17,390.45
2020/6/18,389.31
2020/6/19,390.75
2020/6/22,394.89
2020/6/23,394.3
2020/6/24,396.64
2020/6/29,397.34
2020/6/30,398.34
2020/7/1,399.98
2020/7/2,396.36
2020/7/3,397.65
2020/7/6,396.75
2020/7/7,397.34
2020/7/8,399.35
2020/7/9,401.95
2020/7/10,397.82
2020/7/13,400.61
2020/7/14,399.8
2020/7/15,400.53
2020/7/16,399.38
2020/7/17,396.72
2020/7/20,398.58
2020/7/21,400.83
2020/7/22,410.8
2020/7/23,412.55
2020/7/24,416
2020/7/27,426.01
2020/7/28,425.62
2020/7/29,427.46
2020/7/30,424
2020/7/31,428.01
2020/8/3,427.04
2020/8/4,427.32
2020/8/5,437.59
2020/8/6,442.46
2020/8/7,446.48
2020/8/10,441.09
2020/8/11,432
2020/8/12,405.81
2020/8/13,412.5
2020/8/14,408.79
2020/8/17,418.78
2020/8/18,429.04
2020/8/19,425.16
2020/8/20,414.31
2020/8/21,414.78
2020/8/24,412.23
2020/8/25,413.13
2020/8/26,412.66
2020/8/27,417.14
2020/8/28,417.1
2020/8/31,419.33
2020/9/1,423.01
2020/9/2,419.14
2020/9/3,412.5
2020/9/4,413
2020/9/7,413.29
2020/9/8,413.9
2020/9/9,413.3
2020/9/10,416.42
2020/9/11,415.46
2020/9/14,415.48
2020/9/15,417
2020/9/16,416
2020/9/17,412.68
2020/9/18,414.79
2020/9/21,414.5
2020/9/22,404.99
2020/9/23,400.95
2020/9/24,394
2020/9/25,399.8
2020/9/28,399.2
2020/9/29,403.5
2020/9/30,403.6
2020/10/9,404.04
2020/10/12,408.28
2020/10/13,406.76
2020/10/14,402.08
2020/10/15,402.29
2020/10/16,403.32
2020/10/19,403.87
2020/10/20,401.97
2020/10/21,403.6
2020/10/22,403.51
2020/10/23,402.38
2020/10/26,401.02
2020/10/27,403.93
2020/10/28,404.55
2020/10/29,399.05
2020/10/30,396.57
2020/11/2,399.69
2020/11/3,401.55
2020/11/4,402.38
2020/11/5,402.87
2020/11/6,407.02
2020/11/9,407.41
2020/11/10,395.96
2020/11/11,399.53
2020/11/12,394.32
2020/11/13,395.19
2020/11/16,395.04
2020/11/17,394.94
2020/11/18,392.46
2020/11/19,390.87
2020/11/20,391.3
2020/11/23,391.4
2020/11/24,382.66
2020/11/25,378.3
2020/11/26,378.62
2020/11/27,378.45
2020/11/30,368.26
2020/12/1,372.1
2020/12/2,377.75
2020/12/3,381.62
2020/12/4,381.91
2020/12/7,381.64
2020/12/8,387
2020/12/9,384.62
2020/12/10,381
2020/12/11,382.36
2020/12/14,380.57
2020/12/15,383.52
2020/12/16,385.93
2020/12/17,388.1
2020/12/18,390.61
2020/12/21,396.3
2020/12/22,389.5
2020/12/23,388.7
2020/12/24,389.51
2020/12/25,391.92
2020/12/28,391.6
2020/12/29,389.55
2020/12/30,390
2020/12/31,392.41
2021/1/4,397.47
2021/1/5,401.14
2021/1/6,400.21
2021/1/7,397.94
2021/1/8,395.52
2021/1/11,383.97
2021/1/12,386.79
2021/1/13,386.17
2021/1/14,384.25
2021/1/15,384.87
2021/1/18,384.32
2021/1/19,384.15
2021/1/20,386.04
2021/1/21,389.44
2021/1/22,387.88
2021/1/25,385.98
2021/1/26,387
2021/1/27,384.99
2021/1/28,383.07
2021/1/29,384.26
2021/2/1,388.4
2021/2/2,385.66
2021/2/3,382.04
2021/2/4,378.8
2021/2/5,375.79
2021/2/8,377.62
2021/2/9,381.97
2021/2/10,382.28
2021/2/18,371.56
2021/2/19,369.84
2021/2/22,374.2
2021/2/23,377.82
2021/2/24,376.7
2021/2/25,373.5
2021/2/26,367.77
2021/3/1,366.34
2021/3/2,359.54
2021/3/3,361.63
2021/3/4,358.42
2021/3/5,355
2021/3/8,358.86
2021/3/9,357.17
2021/3/10,360.98
2021/3/11,364.62
2021/3/12,359.8
2021/3/15,362.6
2021/3/16,363.48
2021/3/17,364.6
2021/3/18,367.44
2021/3/19,365.99
2021/3/22,364.2
2021/3/23,365.73
2021/3/24,364.7
2021/3/25,365.71
2021/3/26,365.17
2021/3/29,365.4
2021/3/30,360.65
2021/3/31,356.88
2021/4/1,364.72
2021/4/2,368.36
2021/4/6,365.63
2021/4/7,367.72
2021/4/8,368.96
2021/4/9,370.27
2021/4/12,368.41
2021/4/13,365.17
2021/4/14,368.94
2021/4/15,368.43
2021/4/16,371.81
2021/4/19,374.89
2021/4/20,371.51
2021/4/21,374.69
2021/4/22,375.24
2021/4/23,374.34
2021/4/26,372.51
2021/4/27,373
2021/4/28,370.33
2021/4/29,371.8
2021/4/30,370.37
2021/5/6,375.42
2021/5/7,379.2
2021/5/10,380.21
2021/5/11,381.26
2021/5/12,380.94
2021/5/13,379.54
2021/5/14,380.69
2021/5/17,385.38
2021/5/18,388.3
2021/5/19,388.71
2021/5/20,389.41
2021/5/21,389.16
2021/5/24,390.67
2021/5/25,389.45
2021/5/26,393.06
2021/5/27,390.89
2021/5/28,388.67
2021/5/31,391.49
2021/6/1,393.48
2021/6/2,387.53
2021/6/3,385.9
2021/6/4,380.1
2021/6/7,383.7
2021/6/8,386.12
2021/6/9,385.81
2021/6/10,384.86
2021/6/11,388.08
2021/6/15,381.52
2021/6/16,380.87
2021/6/17,374.3
2021/6/18,370.59
2021/6/21,370.04
2021/6/22,371.37
2021/6/23,372.05
2021/6/24,370.54
2021/6/25,370.02
2021/6/28,371.02
2021/6/29,369.35
2021/6/30,366.1
2021/7/1,370.47
2021/7/2,371.04
2021/7/5,372.05
2021/7/6,375.4
2021/7/7,375.31
2021/7/8,374.8
2021/7/9,375.72
2021/7/12,375.04
2021/7/13,376.57
2021/7/14,377.67
2021/7/15,380.17
2021/7/16,379.9
2021/7/19,376.38
2021/7/20,378.89
2021/7/21,377.2
2021/7/22,374.59
2021/7/23,376.24
2021/7/26,376.97
2021/7/27,374.2
2021/7/28,377.98
2021/7/29,378.9
2021/7/30,380.49
2021/8/2,376.85
2021/8/3,376.53
2021/8/4,377.22
2021/8/5,376.68
2021/8/6,374.72
2021/8/9,364.33
2021/8/10,362.82
2021/8/11,362.39
2021/8/12,367.01
2021/8/13,367.16
2021/8/16,370.24
2021/8/17,374.37
2021/8/18,374.37
2021/8/19,372.18
2021/8/20,374.27
2021/8/23,373.91
2021/8/24,376.46
2021/8/25,374.83
2021/8/26,373
2021/8/27,376.5
2021/8/30,377.7
2021/8/31,377.89
2021/9/1,377.5
2021/9/2,377.3
2021/9/3,377.01
2021/9/6,379.72
2021/9/7,378.03
2021/9/8,374.14
2021/9/9,372.5
2021/9/10,374.38
2021/9/13,372.33
2021/9/14,372.91
2021/9/15,374.46
2021/9/16,370.92
2021/9/17,367.01
2021/9/22,371.77
2021/9/23,368.44
2021/9/24,366.41
2021/9/27,367.42
2021/9/28,364.2
2021/9/29,363.44
2021/9/30,362.07
2021/10/8,366.73
2021/10/11,365.2
2021/10/12,366.97
2021/10/13,366.91
2021/10/14,372
2021/10/15,371.47
2021/10/18,366.4
2021/10/19,367.24
2021/10/20,366.12
2021/10/21,368.24
2021/10/22,369.46
2021/10/25,368.98
2021/10/26,370.4
2021/10/27,367.11
2021/10/28,371.1
2021/10/29,369.84
2021/11/1,367.94
2021/11/2,370.05
2021/11/3,367.02
2021/11/4,365.51
2021/11/5,370.66
2021/11/8,374.75
2021/11/9,375.95
2021/11/10,376
2021/11/11,381.88
2021/11/12,381.88
2021/11/15,380.65
2021/11/16,382.56
2021/11/17,380.86
2021/11/18,382.83
2021/11/19,381.96
2021/11/22,379.05
2021/11/23,371.66
2021/11/24,369.71
2021/11/25,369.31
2021/11/26,371.01
2021/11/29,369.62
2021/11/30,368.62
2021/12/1,366.85
2021/12/2,365.48
2021/12/3,364.7
2021/12/6,367.48
2021/12/7,366.7
2021/12/8,365.56
2021/12/9,366.16
2021/12/10,364.84
2021/12/13,366.98
2021/12/14,367.5
2021/12/15,363.94
2021/12/16,367.4
2021/12/17,371.62
2021/12/20,371.46
2021/12/21,368.93
2021/12/22,367.83
2021/12/23,371.5
2021/12/24,372.27
2021/12/27,372.18
2021/12/28,373.38
2021/12/29,371.55
2021/12/30,369.54
2021/12/31,373.83
2022/1/4,371
2022/1/5,372.92
2022/1/6,370.17
2022/1/7,368.3
2022/1/10,368.73
2022/1/11,371.61
2022/1/12,373.55
2022/1/13,374.61
2022/1/14,374.17
2022/1/17,372.31
2022/1/18,371.7
2022/1/19,371.85
2022/1/20,376.19
2022/1/21,376.52
2022/1/24,375.3
2022/1/25,376
2022/1/26,376.86
2022/1/27,369.76
2022/1/28,368.43
2022/2/7,370.7
2022/2/8,373.06
2022/2/9,374.4
2022/2/10,375.83
2022/2/11,371.25
2022/2/14,379.63
2022/2/15,383.48
2022/2/16,376.42
2022/2/17,381.87
2022/2/18,385.36
2022/2/21,385.3
2022/2/22,389.53
2022/2/23,386.6
2022/2/24,392.53
2022/2/25,388.83
2022/2/28,387.62
2022/3/1,387.71
2022/3/2,393.14
2022/3/3,392.1
2022/3/4,393.53
2022/3/7,402.07
2022/3/8,410.22
2022/3/9,416.5
2022/3/10,402.66
2022/3/11,403.3
2022/3/14,401.76
2022/3/15,392.74
2022/3/16,389.3
2022/3/17,393.75
2022/3/18,394.92
2022/3/21,394.11
2022/3/22,395.48
2022/3/23,393.8
2022/3/24,399.33
2022/3/25,401.6
2022/3/28,396.54
2022/3/29,394.7
2022/3/30,392
2022/3/31,393.24
2022/4/1,395.11
2022/4/6,393.66
2022/4/7,393.67
2022/4/8,395.16
2022/4/11,398.16
2022/4/12,400
2022/4/13,402.42
2022/4/14,403.42
2022/4/15,404.35
2022/4/18,406.23
2022/4/19,403.99
2022/4/20,399.33
2022/4/21,402.8
2022/4/22,404.6
2022/4/25,403.53
2022/4/26,400.37
2022/4/27,400.6
2022/4/28,400.27
2022/4/29,405.1
2022/5/5,403.47
2022/5/6,402.65
2022/5/9,404.55
2022/5/10,402.3
2022/5/11,397.65
2022/5/12,402.64
2022/5/13,399.4
2022/5/16,395.3
2022/5/17,397.93
2022/5/18,393.77
2022/5/19,395.31
2022/5/20,397.53
2022/5/23,397.69
2022/5/24,399.61
2022/5/25,399.52
2022/5/26,400.18
2022/5/27,402.06
2022/5/30,399.55
2022/5/31,398.01
2022/6/1,395.14
2022/6/2,398.06
2022/6/6,397.28
2022/6/7,395.58
2022/6/8,397.08
2022/6/9,399.06
2022/6/10,397
2022/6/13,403.99
2022/6/14,396.14
2022/6/15,393.38
2022/6/16,395.17
2022/6/17,397.82
2022/6/20,396.5
2022/6/21,396
2022/6/22,396.58
2022/6/23,396.13
2022/6/24,393.34
2022/6/27,394.88
2022/6/28,394
2022/6/29,392.67
2022/6/30,391.7
2022/7/1,392.8
2022/7/4,390.43
2022/7/5,390.23
2022/7/6,382.25
2022/7/7,376.1
2022/7/8,376.31
2022/7/11,376.6
2022/7/12,375.23
2022/7/13,374.94
2022/7/14,378
2022/7/15,372.02
2022/7/18,373.43
2022/7/19,372.18
2022/7/20,373.06
2022/7/21,369.3
2022/7/22,374.94
2022/7/25,376.38
2022/7/26,375.9
2022/7/27,375.33
2022/7/28,379.07
2022/7/29,382.75
2022/8/1,384.98
2022/8/2,387.82
2022/8/3,385.46
2022/8/4,381.64
2022/8/5,389.84
2022/8/8,387.5
2022/8/9,389.77
2022/8/10,390.72
2022/8/11,389.1
2022/8/12,389.7
2022/8/15,390.83
2022/8/16,384.16
2022/8/17,389.23
2022/8/18,384.2
2022/8/19,385.72
2022/8/22,383.77
2022/8/23,386.94
2022/8/24,388.02
2022/8/25,389.58
2022/8/26,389.5
2022/8/29,387.56
2022/8/30,388.98
2022/8/31,386
2022/9/1,383.12
2022/9/5,386.5
2022/9/6,388.53
2022/9/7,386.38
2022/9/8,388.3
2022/9/9,389.13
2022/9/13,389.4
2022/9/14,386.9
2022/9/15,386.03
2022/9/16,383.7
2022/9/19,384.8
2022/9/20,386.12
2022/9/21,385.26
2022/9/22,385.6
2022/9/23,387.46
2022/9/26,384.51
2022/9/27,385.23
2022/9/28,386.37
2022/9/29,388.87
2022/9/30,389.61
2022/10/10,392.5
2022/10/11,392
2022/10/12,392.45
2022/10/13,392.5
2022/10/14,392.12
2022/10/17,390.75
2022/10/18,391.23
2022/10/19,390.57
2022/10/20,388.53
2022/10/21,388.02
2022/10/24,392.74
2022/10/25,393.81
2022/10/26,394.35
2022/10/27,393.08
2022/10/28,392.66
2022/10/31,391.09
2022/11/1,391.61
2022/11/2,392.98
2022/11/3,391.43
2022/11/4,391.37
2022/11/7,393.36
2022/11/8,395
2022/11/9,403.27
2022/11/10,403.94
2022/11/11,408.42
2022/11/14,403.01
2022/11/15,405.02
2022/11/16,406.54
2022/11/17,407.01
2022/11/18,406.97
2022/11/21,404.59
2022/11/22,404.99
2022/11/23,404.41
2022/11/24,406.47
2022/11/25,406.26
2022/11/28,407.42
2022/11/29,406.3
2022/11/30,405.68
2022/12/1,407.79
2022/12/2,409.42
2022/12/5,406.03
2022/12/6,401.7
2022/12/7,401.26
2022/12/8,402.48
2022/12/9,404.17
2022/12/12,403.5
2022/12/13,403.5
2022/12/14,409.99
2022/12/15,404.51
2022/12/16,402.71
2022/12/19,405.51
2022/12/20,405.81
2022/12/21,409.75
2022/12/22,410.2
2022/12/23,406.42
2022/12/26,407.03
2022/12/27,407.36
2022/12/28,408.86
2022/12/29,408.65
2022/12/30,409.93
2023/1/3,410.31
2023/1/4,412.39
2023/1/5,412.85
2023/1/6,409.1
2023/1/9,413.58
2023/1/10,413.24
2023/1/11,414.6
2023/1/12,414.16
2023/1/13,414.51
2023/1/16,417.77
2023/1/17,418.6
2023/1/18,417.6
2023/1/19,419.2
2023/1/20,421.16
2023/1/30,421.94
2023/1/31,419.97
2023/2/1,421
2023/2/2,424.6
2023/2/3,419.21
2023/2/6,413.82
2023/2/7,412.83
2023/2/8,412.8
2023/2/9,413.51
2023/2/10,411.42
2023/2/13,412.93
2023/2/14,411.9
2023/2/15,413.62
2023/2/16,411.95
2023/2/17,411.7
2023/2/20,413.27
2023/2/21,412.79
2023/2/22,413.7
2023/2/23,412.65
2023/2/24,413.95
2023/2/27,413.16
2023/2/28,
2023/3/1,414
2023/3/2,414.24
2023/3/3,416
2023/3/6,419.39
2023/3/7,419.74
2023/3/8,415.05
2023/3/9,414.71
2023/3/10,417.3
2023/3/13,419.75
2023/3/14,425.32
2023/3/15,426.37
2023/3/16,429.36
2023/3/17,432.8
2023/3/20,442.32
2023/3/21,443
2023/3/22,435.35
2023/3/23,438.5
2023/3/24,441.49
2023/3/27,432.94
2023/3/28,435.84
2023/3/29,438.15
2023/3/30,436.87
2023/3/31,439.77
2023/4/3,435.05
2023/4/4,439.73
2023/4/6,445.89
2023/4/7,446.3
2023/4/10,441.37
2023/4/11,443
2023/4/12,447.82
2023/4/13,447.42
2023/4/14,449.53
2023/4/17,444.27
2023/4/18,443.42
2023/4/19,442.51
2023/4/20,443.4
2023/4/21,431.97
2023/4/24,441.09
2023/4/25,443.2
2023/4/26,445.68
2023/4/27,445.64
2023/4/28,443.34
2023/5/4,452.09
2023/5/5,455.5
2023/5/8,449.7
2023/5/9,451.08
2023/5/10,443.72
2023/5/11,453.18
2023/5/12,450.02
2023/5/15,452
2023/5/16,451.92
2023/5/17,448.8
2023/5/18,444.35
2023/5/19,446.33
2023/5/22,448.8
2023/5/23,445.81
2023/5/24,449
2023/5/25,448.35
2023/5/26,442.3
2023/5/29,443.32
2023/5/30,444.5
2023/5/31,448.34
2023/6/1,450.9
2023/6/2,450.45
2023/6/5,447.67
2023/6/6,447.94
2023/6/7,450
2023/6/8,446.88
2023/6/9,451
2023/6/12,450.22
2023/6/13,452.58
2023/6/14,450.9
2023/6/15,447.11
2023/6/16,451.67
2023/6/19,450.19
2023/6/20,450.33
2023/6/21,449.6
2023/6/26,448.5
2023/6/27,448.14
2023/6/28,448.2
2023/6/29,447.2
2023/6/30,449.98
2023/7/3,451.79
2023/7/4,447.38
2023/7/5,451.71
2023/7/6,450.05
2023/7/7,449.44
2023/7/10,450.32
2023/7/11,446.08
2023/7/12,451.42
2023/7/13,453.39
2023/7/14,453.72
2023/7/17,454.13
2023/7/18,455.5
2023/7/19,462.54
2023/7/20,458.69
2023/7/21,458.19
2023/7/24,457.83
2023/7/25,456.32
2023/7/26,456.86
2023/7/27,458.45
2023/7/28,455.09
2023/7/31,454.92
2023/8/1,456.97
2023/8/2,456.21
2023/8/3,455.15
2023/8/4,453.8
2023/8/7,454.96
2023/8/8,454.8
2023/8/9,454.72
2023/8/10,452.9
2023/8/11,453.9
2023/8/14,459.95
2023/8/15,455.54
2023/8/16,456.55
2023/8/17,456.63
2023/8/18,455.32
2023/8/21,457.08
2023/8/22,456.95
2023/8/23,459.13
2023/8/24,459.99
2023/8/25,459.14
2023/8/28,459.07
2023/8/29,460.73
2023/8/30,460.06
2023/8/31,461.64
2023/9/1,462.75
2023/9/4,464.61
2023/9/5,465.33
2023/9/6,465.27
2023/9/7,465.03
2023/9/8,466.92
2023/9/11,467.71
2023/9/12,468.36
2023/9/13,470.19
2023/9/14,473.27
2023/9/15,471.79
2023/9/18,468.01
2023/9/19,470.55
2023/9/20,473.8
2023/9/21,474.45
2023/9/22,470.99
2023/9/25,474.95
2023/9/26,473.5
2023/9/27,466.59
2023/9/28,448
2023/10/9,450.5
2023/10/10,448.83
2023/10/11,448.82
2023/10/12,453.33
2023/10/13,450.41
2023/10/16,461.74
2023/10/17,462.6
2023/10/18,467
2023/10/19,469.48
2023/10/20,477.56
2023/10/23,473.15
2023/10/24,473
2023/10/25,472.52
2023/10/26,473.56
2023/10/27,475.44
2023/10/30,477.94
2023/10/31,477.4
2023/11/1,475.78
2023/11/2,477
2023/11/3,476.1
2023/11/6,474.5
2023/11/7,472.85
2023/11/8,456.58
2023/11/9,468.3
2023/11/10,469.9
2023/11/13,468.55
2023/11/14,470.5
2023/11/15,471.93
2023/11/16,470.82
2023/11/17,470.57
2023/11/20,468.95
2023/11/21,465.18
2023/11/22,465.76
2023/11/23,463.1
2023/11/24,464.66
2023/11/27,468.96
2023/11/28,472.19
2023/11/29,474.39
2023/11/30,474.05
2023/12/1,474.52
2023/12/4,479.51
2023/12/5,473.4
2023/12/6,472.8
2023/12/7,473.5
2023/12/8,473.88
2023/12/11,470.29
2023/12/12,467.08
2023/12/13,467.25
2023/12/14,474.31
2023/12/15,474.34
2023/12/18,472.92
2023/12/19,474.17
2023/12/20,475.75
2023/12/21,476.11
2023/12/22,477.35
2023/12/25,475.37
2023/12/26,481.71
2023/12/27,481.55
2023/12/28,483.55
2023/12/29,480.38
2024/1/2,481.35
2024/1/3,482.63
2024/1/4,480.36
2024/1/5,480.37
2024/1/8,480.72
2024/1/9,480.58
2024/1/10,477.66
2024/1/11,479.13
2024/1/12,479.38
2024/1/15,482.26
2024/1/16,482.5
2024/1/17,480
2024/1/18,478
2024/1/19,479.7
2024/1/22,479.92
2024/1/23,478
2024/1/24,478.45
2024/1/25,476.17
2024/1/26,
2024/1/29,479.72
2024/1/30,478.17
2024/1/31,480.22
2024/2/1,479.79
2024/2/2,483.6
2024/2/5,480.96
2024/2/6,480.4
2024/2/7,479.8
2024/2/8,
2024/2/9,
2024/2/19,479.54
2024/2/20,479.44
2024/2/21,479.68
2024/2/22,479.05
2024/2/23,478.28
2024/2/26,
2024/2/27,480
2024/2/28,479.59
2024/2/29,480.52
2024/3/1,
2024/3/4,488.86
2024/3/5,495.36
2024/3/6,498.3
2024/3/7,502
2024/3/8,504.94
2024/3/11,506.76
2024/3/12,505.24
2024/3/13,504.26
2024/3/14,504.06
2024/3/15,500
2024/3/18,502.71
2024/3/19,502.71
2024/3/20,504.72
2024/3/21,518.26
2024/3/22,508.38
2024/3/25,512.05
2024/3/26,512.98
2024/3/27,506.01
2024/3/28,516
2024/3/29,529.86
2024/4/1,
2024/4/2,531
2024/4/3,539.4
2024/4/8,553.7
2024/4/9,544.5
2024/4/10,555.85
2024/4/11,559.09
2024/4/12,566.36
2024/4/15,560.36
2024/4/16,564.26
2024/4/17,564.5
2024/4/18,563.17
2024/4/19,568.14
2024/4/22,562.6
2024/4/23,550.01
2024/4/24,548.12
2024/4/25,547.3
2024/4/26,
2024/4/29,544
2024/4/30,547.03
2024/5/6,543.41
2024/5/7,546.95
2024/5/8,536.5
2024/5/9,542.44
2024/5/10,552.3
2024/5/13,547.15
2024/5/14,550.05
2024/5/15,557
2024/5/16,560.03
2024/5/17,560.5
2024/5/20,572.65
2024/5/21,566.96
2024/5/22,565.1
2024/5/23,554.37
2024/5/24,547.45
2024/5/27,553.78
2024/5/28,552.55
2024/5/29,556.2
2024/5/30,548.82
2024/5/31,550.9
2024/6/3,548.03
2024/6/4,553.12
2024/6/5,549.52
2024/6/6,549.67
2024/6/7,556.36
2024/6/11,542
2024/6/12,544
2024/6/13,545.12
2024/6/14,547.3
2024/6/17,548.21
2024/6/18,548.6
2024/6/19,549.15
2024/6/20,553.88
2024/6/21,557.82
2024/6/24,549.61
2024/6/25,549.18
2024/6/26,545.81
2024/6/27,542.65
2024/6/28,549.09
2024/7/1,548.38
2024/7/2,548.01
2024/7/3,550.53
2024/7/4,556.95
2024/7/5,556
2024/7/8,558.9
2024/7/9,557
2024/7/10,557.02
2024/7/11,561.45
2024/7/12,565.1
2024/7/15,562.12
2024/7/16,569.2
2024/7/17,576.9
2024/7/18,572.25
2024/7/19,562.77
2024/7/22,562.8
2024/7/23,559.73
2024/7/24,565.18
2024/7/25,551.53
2024/7/26,554.5
2024/7/29,557.94
2024/7/30,557.26
2024/7/31,561.33
2024/8/1,566.97
2024/8/2,570.55
2024/8/5,561
2024/8/6,551.05
2024/8/7,554.39
2024/8/8,553
2024/8/9,560.3
2024/8/12,561
2024/8/13,567.95
2024/8/14,565
2024/8/15,565.92
2024/8/16,566.5
2024/8/19,571.43
2024/8/20,572.99
2024/8/21,574.95
2024/8/22,572.74
2024/8/23,571.33
2024/8/26,575.5
2024/8/27,
2024/8/28,574.6
2024/8/29,574.6
2024/8/30,574.31
2024/9/2,569.77
2024/9/3,569.8
2024/9/4,567.26
2024/9/5,568.26
2024/9/6,569.86
2024/9/9,568.4
2024/9/10,571
2024/9/11,575.22
2024/9/12,572.24
2024/9/13,578
2024/9/18,581.95
2024/9/19,581.94
2024/9/20,584.56
2024/9/23,590.92
2024/9/24,588.31
2024/9/25,592.08
2024/9/26,595.02
2024/9/27,595.7
2024/9/30,594.21
2024/10/8,589.51
2024/10/9,587.05
2024/10/10,586.8
2024/10/11,596.11
2024/10/14,599.2
2024/10/15,601.57
2024/10/16,605.63
2024/10/17,611.12
2024/10/18,620.21
2024/10/21,622.56
2024/10/22,623.72
2024/10/23,623.15
2024/10/24,620.53
2024/10/25,620.76
2024/10/28,623.41
2024/10/29,628.95
2024/10/30,636.44
2024/10/31,633.19
2024/11/1,628.29
2024/11/4,622.5
2024/11/5,621.95
2024/11/6,622.05
2024/11/7,609.8
2024/11/8,613.67
2024/11/11,612.26
2024/11/12,606.75
2024/11/13,602.2
2024/11/14,591.57
2024/11/15,591.8
2024/11/18,607.44
2024/11/19,606.82
2024/11/20,609
2024/11/21,615.64
2024/11/22,622.12
2024/11/25,615.26
2024/11/26,606.55
2024/11/27,610
2024/11/28,607.5
2024/11/29,614.06
2024/12/2,609.55
2024/12/3,615.9
2024/12/4,616.2
2024/12/5,615.65
2024/12/6,611.7
2024/12/9,616.28
2024/12/10,618.9
2024/12/11,622.3
2024/12/12,628.35
2024/12/13,622.43
2024/12/16,617.33
2024/12/17,617.15
2024/12/18,615.56
2024/12/19,609.65
2024/12/20,611.33
2024/12/23,620
2024/12/24,616.37
2024/12/25,617.6
2024/12/26,617.5
2024/12/27,619.33
2024/12/30,616.23
2024/12/31,615.98
2025/1/2,
2025/1/3,628.5
2025/1/6,622.77
2025/1/7,624.51
2025/1/8,625.58
2025/1/9,629.14
2025/1/10,632.9
2025/1/13,635.79
2025/1/14,633.8
2025/1/15,634.58
2025/1/16,637.3
2025/1/17,639.25
2025/1/20,635.51
2025/1/21,637.02
2025/1/22,642.18
2025/1/23,644.6
2025/1/24,644.92
2025/1/27,645
2025/2/5,667.65
2025/2/6,667
2025/2/7,668.96
2025/2/10,679.65
2025/2/11,685.8
2025/2/12,679.84
2025/2/13,684
2025/2/14,686.8
2025/2/17,676.8
2025/2/18,683.4
2025/2/19,687.33
2025/2/20,689.24
2025/2/21,683.6
2025/2/24,685.6
2025/2/25,685.2
2025/2/26,679.66
2025/2/27,676.24
2025/2/28,671.3
2025/3/3,670.65
2025/3/4,676.05
2025/3/5,681.93
2025/3/6,678.82
2025/3/7,678.47
2025/3/10,681.08
2025/3/11,676.9
2025/3/12,679.05
2025/3/13,683.9
2025/3/14,694.74
2025/3/17,694.5
2025/3/18,699.13
2025/3/19,705.3
2025/3/20,709.29
2025/3/21,705.28
2025/3/24,704.61
2025/3/25,704.89
2025/3/26,706.69
2025/3/27,707.01
2025/3/28,720.38
2025/3/31,728.92
2025/4/1,734.77
2025/4/2,732.75
2025/4/3,
2025/4/7,
2025/4/8,716.8
2025/4/9,722.65
2025/4/10,741.56
2025/4/11,756.44
2025/4/14,757.1
2025/4/15,760.5
2025/4/16,778.16
2025/4/17,786.27
2025/4/18,788.91
2025/4/21,803.7
2025/4/22,826.28
2025/4/23,784.44
2025/4/24,791.55
2025/4/25,787
2025/4/28,777.65
2025/4/29,781.57
2025/4/30,779.25
2025/5/6,790.9
2025/5/7,798.02
2025/5/8,787.4
2025/5/9,780.1
2025/5/12,764.75
2025/5/13,757.93
2025/5/14,759.14
2025/5/15,734.75
2025/5/16,748
2025/5/19,751.7
2025/5/20,751.8
2025/5/21,771
2025/5/22,776.8
2025/5/23,769.8
2025/5/26,767.5
2025/5/27,763.6
2025/5/28,768.92
2025/5/29,758
2025/5/30,767.6
2025/6/3,782
2025/6/4,778.53
2025/6/5,779.4
2025/6/6,780.96
2025/6/9,771.2
2025/6/10,770.67
2025/6/11,774.38
2025/6/12,780.91
2025/6/13,790.56
2025/6/16,788.48
2025/6/17,783.26
2025/6/18,783.24
2025/6/19,779.75
2025/6/20,776.06
2025/6/23,777.66
2025/6/24,770.55
2025/6/25,771.5
2025/6/26,772.13
2025/6/27,763.41
2025/6/30,762.4
2025/7/1,767.93
2025/7/2,771.33
2025/7/3,776.7
2025/7/4,771.3
2025/7/7,767.24
2025/7/8,772
2025/7/9,763.78
2025/7/10,769.1
2025/7/11,769.1
2025/7/14,777.33
2025/7/15,
2025/7/16,770.09
2025/7/17,771.37
2025/7/18,773.25
2025/7/21,776.02
2025/7/22,780.87
2025/7/23,787.05
2025/7/24,774.99
2025/7/25,772.62
2025/7/28,770.25
2025/7/29,767.03
2025/7/30,769.37
2025/7/31,765.46
2025/8/1,767.52
2025/8/4,777.58
2025/8/5,780.96
2025/8/6,779.52
2025/8/7,780.24
2025/8/8,783.31
2025/8/11,777.2
2025/8/12,781.5
2025/8/13,781.7
2025/8/14,774.5
2025/8/15,773.1
2025/8/18,774.66
2025/8/19,771.33
2025/8/20,754.25
2025/8/21,771.2
2025/8/22,769.96
2025/8/25,771.55
2025/8/26,776.82
2025/8/27,778.03
2025/8/28,779.55
2025/8/29,780.15
2025/9/1,794.46
2025/9/2,801.2
2025/9/3,809.65
2025/9/4,808.85
2025/9/5,811.25
2025/9/8,818.11
2025/9/9,831.5
2025/9/10,829.53
2025/9/11,827
2025/9/12,832.5
2025/9/15,828
2025/9/16,829.02
2025/9/17,831.21
2025/9/18,822.97
2025/9/19,822
2025/9/22,838.6
2025/9/23,849.35
2025/9/24,852.22
2025/9/25,848
2025/9/26,851.15
2025/9/29,859.06
2025/9/30,867.4
